{
  "log_lambda": 0.0010362103832197147,
  "lambda": 1.0010367474346822,
  "A1": 4.0829153371578223e-13,
  "A2": 1.5337084805200836e-08
}