{
  "LL": -1.6712436968843674,
  "E_lambda_GeV": 0.49494924881088626,
  "DeltaNeff": 0.1506849315068493,
  "f_break_Hz": 3.211942066295658e-08,
  "Omega0": 1.999221887415454e-09,
  "n1": 2.0,
  "n2": -0.8,
  "Tx_GeV": 0.24178623618802458
}